[
{
  "model": "webapp.type",
  "pk": 1,
  "fields": {
    "name": "Task"
  }
},
{
  "model": "webapp.type",
  "pk": 2,
  "fields": {
    "name": "Bug"
  }
},
{
  "model": "webapp.type",
  "pk": 3,
  "fields": {
    "name": "Enhancement"
  }
},
{
  "model": "webapp.status",
  "pk": 1,
  "fields": {
    "name": "New"
  }
},
{
  "model": "webapp.status",
  "pk": 2,
  "fields": {
    "name": "In Progress"
  }
},
{
  "model": "webapp.status",
  "pk": 3,
  "fields": {
    "name": "Done"
  }
},
{
  "model": "webapp.task",
  "pk": 10,
  "fields": {
    "created_at": "2021-03-15T09:05:21.588Z",
    "updated_at": "2021-03-15T09:05:21.589Z",
    "summary": "looooooooooool",
    "description": "jjjj",
    "status": 2
  }
},
{
  "model": "webapp.task",
  "pk": 11,
  "fields": {
    "created_at": "2021-03-15T09:06:59.705Z",
    "updated_at": "2021-03-15T10:02:24.890Z",
    "summary": "Factory1",
    "description": "fgfddgdjjj",
    "status": 2
  }
},
{
  "model": "webapp.task",
  "pk": 12,
  "fields": {
    "created_at": "2021-03-15T10:02:51.835Z",
    "updated_at": "2021-03-15T10:02:51.835Z",
    "summary": "FLOR",
    "description": "DDFSFSFS",
    "status": 2
  }
},
{
  "model": "webapp.task",
  "pk": 13,
  "fields": {
    "created_at": "2021-03-18T07:47:00.264Z",
    "updated_at": "2021-03-18T07:47:00.264Z",
    "summary": "Factory5585",
    "description": "tutututyyggg",
    "status": 1
  }
},
{
  "model": "webapp.task",
  "pk": 14,
  "fields": {
    "created_at": "2021-03-18T07:50:45.722Z",
    "updated_at": "2021-03-18T07:50:45.722Z",
    "summary": "lolol55858",
    "description": "tytytytyt",
    "status": 1
  }
},
{
  "model": "webapp.task",
  "pk": 15,
  "fields": {
    "created_at": "2021-03-18T07:51:24.456Z",
    "updated_at": "2021-03-18T07:51:24.456Z",
    "summary": "hghghg",
    "description": "",
    "status": 2
  }
},
{
  "model": "webapp.task",
  "pk": 16,
  "fields": {
    "created_at": "2021-03-18T10:14:07.461Z",
    "updated_at": "2021-03-18T10:14:07.461Z",
    "summary": "ggggg",
    "description": "gfhfhfh",
    "status": 1
  }
},
{
  "model": "webapp.task",
  "pk": 17,
  "fields": {
    "created_at": "2021-03-18T10:17:26.655Z",
    "updated_at": "2021-03-18T10:17:26.655Z",
    "summary": "lollo",
    "description": "",
    "status": 1
  }
},
{
  "model": "webapp.task",
  "pk": 18,
  "fields": {
    "created_at": "2021-03-18T10:17:51.992Z",
    "updated_at": "2021-03-22T08:27:54.614Z",
    "summary": "looooooool",
    "description": "ffgfgfgfgfgfgfgfgf",
    "status": 3
  }
},
{
  "model": "webapp.task",
  "pk": 19,
  "fields": {
    "created_at": "2021-03-22T08:26:47.933Z",
    "updated_at": "2021-03-22T08:27:40.636Z",
    "summary": "Buggg",
    "description": "fgfgfgfgf",
    "status": 3
  }
},
{
  "model": "webapp.task",
  "pk": 20,
  "fields": {
    "created_at": "2021-03-22T09:46:09.333Z",
    "updated_at": "2021-03-22T09:47:53.406Z",
    "summary": "bug summary",
    "description": "fgfgfgf",
    "status": 2
  }
},
{
  "model": "webapp.task",
  "pk": 21,
  "fields": {
    "created_at": "2021-03-22T09:48:13.843Z",
    "updated_at": "2021-03-22T09:48:13.843Z",
    "summary": "buglost",
    "description": "dfdfdfd",
    "status": 1
  }
},
{
  "model": "webapp.task",
  "pk": 22,
  "fields": {
    "created_at": "2021-03-22T09:48:32.431Z",
    "updated_at": "2021-03-22T09:48:32.431Z",
    "summary": "give bug",
    "description": "hhhhh",
    "status": 1
  }
},
{
  "model": "webapp.tasktype",
  "pk": 3,
  "fields": {
    "task": 10,
    "type": 2
  }
},
{
  "model": "webapp.tasktype",
  "pk": 4,
  "fields": {
    "task": 11,
    "type": 2
  }
},
{
  "model": "webapp.tasktype",
  "pk": 6,
  "fields": {
    "task": 11,
    "type": 1
  }
},
{
  "model": "webapp.tasktype",
  "pk": 7,
  "fields": {
    "task": 12,
    "type": 1
  }
},
{
  "model": "webapp.tasktype",
  "pk": 8,
  "fields": {
    "task": 12,
    "type": 2
  }
},
{
  "model": "webapp.tasktype",
  "pk": 9,
  "fields": {
    "task": 12,
    "type": 3
  }
},
{
  "model": "webapp.tasktype",
  "pk": 10,
  "fields": {
    "task": 13,
    "type": 1
  }
},
{
  "model": "webapp.tasktype",
  "pk": 11,
  "fields": {
    "task": 13,
    "type": 2
  }
},
{
  "model": "webapp.tasktype",
  "pk": 12,
  "fields": {
    "task": 13,
    "type": 3
  }
},
{
  "model": "webapp.tasktype",
  "pk": 13,
  "fields": {
    "task": 14,
    "type": 1
  }
},
{
  "model": "webapp.tasktype",
  "pk": 14,
  "fields": {
    "task": 14,
    "type": 2
  }
},
{
  "model": "webapp.tasktype",
  "pk": 15,
  "fields": {
    "task": 14,
    "type": 3
  }
},
{
  "model": "webapp.tasktype",
  "pk": 16,
  "fields": {
    "task": 15,
    "type": 3
  }
},
{
  "model": "webapp.tasktype",
  "pk": 18,
  "fields": {
    "task": 16,
    "type": 1
  }
},
{
  "model": "webapp.tasktype",
  "pk": 19,
  "fields": {
    "task": 17,
    "type": 3
  }
},
{
  "model": "webapp.tasktype",
  "pk": 20,
  "fields": {
    "task": 18,
    "type": 3
  }
},
{
  "model": "webapp.tasktype",
  "pk": 21,
  "fields": {
    "task": 19,
    "type": 2
  }
},
{
  "model": "webapp.tasktype",
  "pk": 22,
  "fields": {
    "task": 20,
    "type": 2
  }
},
{
  "model": "webapp.tasktype",
  "pk": 23,
  "fields": {
    "task": 21,
    "type": 2
  }
},
{
  "model": "webapp.tasktype",
  "pk": 24,
  "fields": {
    "task": 21,
    "type": 3
  }
},
{
  "model": "webapp.tasktype",
  "pk": 25,
  "fields": {
    "task": 22,
    "type": 2
  }
},
{
  "model": "auth.user",
  "pk": 1,
  "fields": {
    "password": "pbkdf2_sha256$216000$wnCUhZUdMNxf$uZZRmbe07oHFf0dp9OhNyGUY8dgikmvcC9ExI91y/b0=",
    "last_login": "2021-03-11T09:04:56.551Z",
    "is_superuser": true,
    "username": "admin",
    "first_name": "",
    "last_name": "",
    "email": "admin@mail.ru",
    "is_staff": true,
    "is_active": true,
    "date_joined": "2021-03-11T09:04:20.771Z",
    "groups": [],
    "user_permissions": []
  }
}
]
