[
{
  "model": "webapp.type",
  "pk": 1,
  "fields": {
    "name": "Task"
  }
},
{
  "model": "webapp.type",
  "pk": 2,
  "fields": {
    "name": "Bug"
  }
},
{
  "model": "webapp.type",
  "pk": 3,
  "fields": {
    "name": "Enhancement"
  }
},
{
  "model": "webapp.status",
  "pk": 1,
  "fields": {
    "name": "New"
  }
},
{
  "model": "webapp.status",
  "pk": 2,
  "fields": {
    "name": "In Progress"
  }
},
{
  "model": "webapp.status",
  "pk": 3,
  "fields": {
    "name": "Done"
  }
},
{
  "model": "webapp.task",
  "pk": 16,
  "fields": {
    "created_at": "2021-03-18T10:14:07.461Z",
    "updated_at": "2021-03-18T10:14:07.461Z",
    "summary": "ggggg",
    "description": "gfhfhfh",
    "status": 1,
    "project": 1
  }
},
{
  "model": "webapp.task",
  "pk": 17,
  "fields": {
    "created_at": "2021-03-18T10:17:26.655Z",
    "updated_at": "2021-03-18T10:17:26.655Z",
    "summary": "lollo",
    "description": "",
    "status": 1,
    "project": 1
  }
},
{
  "model": "webapp.task",
  "pk": 18,
  "fields": {
    "created_at": "2021-03-18T10:17:51.992Z",
    "updated_at": "2021-03-22T08:27:54.614Z",
    "summary": "looooooool",
    "description": "ffgfgfgfgfgfgfgfgf",
    "status": 3,
    "project": 1
  }
},
{
  "model": "webapp.task",
  "pk": 19,
  "fields": {
    "created_at": "2021-03-22T08:26:47.933Z",
    "updated_at": "2021-03-22T08:27:40.636Z",
    "summary": "Buggg",
    "description": "fgfgfgfgf",
    "status": 3,
    "project": 1
  }
},
{
  "model": "webapp.task",
  "pk": 20,
  "fields": {
    "created_at": "2021-03-22T09:46:09.333Z",
    "updated_at": "2021-03-22T09:47:53.406Z",
    "summary": "bug summary",
    "description": "fgfgfgf",
    "status": 2,
    "project": 1
  }
},
{
  "model": "webapp.task",
  "pk": 21,
  "fields": {
    "created_at": "2021-03-22T09:48:13.843Z",
    "updated_at": "2021-03-22T09:48:13.843Z",
    "summary": "buglost",
    "description": "dfdfdfd",
    "status": 1,
    "project": 1
  }
},
{
  "model": "webapp.task",
  "pk": 22,
  "fields": {
    "created_at": "2021-03-22T09:48:32.431Z",
    "updated_at": "2021-03-22T09:48:32.431Z",
    "summary": "give bug",
    "description": "hhhhh",
    "status": 1,
    "project": 1
  }
},
{
  "model": "webapp.task",
  "pk": 23,
  "fields": {
    "created_at": "2021-03-29T07:57:38.722Z",
    "updated_at": "2021-03-29T07:57:38.722Z",
    "summary": "dvd1111111",
    "description": "jbnoiknlkpm",
    "status": 3,
    "project": 1
  }
},
{
  "model": "webapp.task",
  "pk": 24,
  "fields": {
    "created_at": "2021-03-29T08:03:29.597Z",
    "updated_at": "2021-03-29T08:03:29.597Z",
    "summary": "dvd1111111",
    "description": "jbnoiknlkpm",
    "status": 3,
    "project": 1
  }
},
{
  "model": "webapp.task",
  "pk": 25,
  "fields": {
    "created_at": "2021-03-29T08:06:06.517Z",
    "updated_at": "2021-03-29T08:06:06.517Z",
    "summary": "google",
    "description": "1212121212121212121",
    "status": 2,
    "project": 1
  }
},
{
  "model": "webapp.task",
  "pk": 26,
  "fields": {
    "created_at": "2021-03-29T08:11:29.915Z",
    "updated_at": "2021-03-29T08:11:29.915Z",
    "summary": "dvd111111134334",
    "description": "3333333333333333333333333333333333333333333333",
    "status": 2,
    "project": 1
  }
},
{
  "model": "webapp.task",
  "pk": 27,
  "fields": {
    "created_at": "2021-03-29T08:17:14.535Z",
    "updated_at": "2021-03-29T08:17:14.535Z",
    "summary": "Factory5585",
    "description": "hhhhhhhhhhhhhhhhhhhhhhhhhhhhhhhhh",
    "status": 2,
    "project": 1
  }
},
{
  "model": "webapp.task",
  "pk": 28,
  "fields": {
    "created_at": "2021-03-29T08:55:10.395Z",
    "updated_at": "2021-03-29T09:02:28.384Z",
    "summary": "ClosedBug1",
    "description": "dgdgdgdg",
    "status": 1,
    "project": 5
  }
},
{
  "model": "webapp.task",
  "pk": 29,
  "fields": {
    "created_at": "2021-03-29T09:03:06.675Z",
    "updated_at": "2021-03-29T09:03:06.675Z",
    "summary": "fdgdgdg",
    "description": "dgdgdfgdgdg",
    "status": 1,
    "project": 6
  }
},
{
  "model": "webapp.task",
  "pk": 30,
  "fields": {
    "created_at": "2021-03-29T09:03:16.205Z",
    "updated_at": "2021-03-29T09:03:16.205Z",
    "summary": "dsgsgsgs",
    "description": "dfgddfgdfgdfgdfgdgfdgd",
    "status": 2,
    "project": 6
  }
},
{
  "model": "webapp.task",
  "pk": 31,
  "fields": {
    "created_at": "2021-03-29T09:03:31.133Z",
    "updated_at": "2021-03-29T09:03:31.133Z",
    "summary": "fdfsgdfgfgfgfgf",
    "description": "dfgdfgfdgdfgdfg",
    "status": 2,
    "project": 5
  }
},
{
  "model": "webapp.task",
  "pk": 32,
  "fields": {
    "created_at": "2021-03-29T09:03:40.996Z",
    "updated_at": "2021-03-29T09:03:40.997Z",
    "summary": "dsgdgdfg",
    "description": "dgfgdgdfgdg",
    "status": 2,
    "project": 5
  }
},
{
  "model": "webapp.tasktype",
  "pk": 18,
  "fields": {
    "task": 16,
    "type": 1
  }
},
{
  "model": "webapp.tasktype",
  "pk": 19,
  "fields": {
    "task": 17,
    "type": 3
  }
},
{
  "model": "webapp.tasktype",
  "pk": 20,
  "fields": {
    "task": 18,
    "type": 3
  }
},
{
  "model": "webapp.tasktype",
  "pk": 21,
  "fields": {
    "task": 19,
    "type": 2
  }
},
{
  "model": "webapp.tasktype",
  "pk": 22,
  "fields": {
    "task": 20,
    "type": 2
  }
},
{
  "model": "webapp.tasktype",
  "pk": 23,
  "fields": {
    "task": 21,
    "type": 2
  }
},
{
  "model": "webapp.tasktype",
  "pk": 24,
  "fields": {
    "task": 21,
    "type": 3
  }
},
{
  "model": "webapp.tasktype",
  "pk": 25,
  "fields": {
    "task": 22,
    "type": 2
  }
},
{
  "model": "webapp.tasktype",
  "pk": 26,
  "fields": {
    "task": 23,
    "type": 2
  }
},
{
  "model": "webapp.tasktype",
  "pk": 27,
  "fields": {
    "task": 23,
    "type": 3
  }
},
{
  "model": "webapp.tasktype",
  "pk": 28,
  "fields": {
    "task": 24,
    "type": 2
  }
},
{
  "model": "webapp.tasktype",
  "pk": 29,
  "fields": {
    "task": 24,
    "type": 3
  }
},
{
  "model": "webapp.tasktype",
  "pk": 30,
  "fields": {
    "task": 25,
    "type": 2
  }
},
{
  "model": "webapp.tasktype",
  "pk": 31,
  "fields": {
    "task": 25,
    "type": 3
  }
},
{
  "model": "webapp.tasktype",
  "pk": 32,
  "fields": {
    "task": 26,
    "type": 2
  }
},
{
  "model": "webapp.tasktype",
  "pk": 33,
  "fields": {
    "task": 26,
    "type": 3
  }
},
{
  "model": "webapp.tasktype",
  "pk": 34,
  "fields": {
    "task": 27,
    "type": 1
  }
},
{
  "model": "webapp.tasktype",
  "pk": 35,
  "fields": {
    "task": 27,
    "type": 2
  }
},
{
  "model": "webapp.tasktype",
  "pk": 36,
  "fields": {
    "task": 28,
    "type": 1
  }
},
{
  "model": "webapp.tasktype",
  "pk": 37,
  "fields": {
    "task": 28,
    "type": 2
  }
},
{
  "model": "webapp.tasktype",
  "pk": 38,
  "fields": {
    "task": 29,
    "type": 1
  }
},
{
  "model": "webapp.tasktype",
  "pk": 39,
  "fields": {
    "task": 30,
    "type": 2
  }
},
{
  "model": "webapp.tasktype",
  "pk": 40,
  "fields": {
    "task": 31,
    "type": 1
  }
},
{
  "model": "webapp.tasktype",
  "pk": 41,
  "fields": {
    "task": 31,
    "type": 2
  }
},
{
  "model": "webapp.tasktype",
  "pk": 42,
  "fields": {
    "task": 31,
    "type": 3
  }
},
{
  "model": "webapp.tasktype",
  "pk": 43,
  "fields": {
    "task": 32,
    "type": 2
  }
},
{
  "model": "webapp.tasktype",
  "pk": 44,
  "fields": {
    "task": 32,
    "type": 3
  }
},
{
  "model": "webapp.project",
  "pk": 1,
  "fields": {
    "timestart": "2021-03-30",
    "timefinish": null,
    "name": "FirstProject",
    "description": "Lodddddddddddddddddddddddddddddddddddddddddddd1",
    "user": [
      1
    ]
  }
},
{
  "model": "webapp.project",
  "pk": 5,
  "fields": {
    "timestart": "2021-03-29",
    "timefinish": null,
    "name": "Project2",
    "description": "dffddgdgdgdg",
    "user": [
      1
    ]
  }
},
{
  "model": "webapp.project",
  "pk": 6,
  "fields": {
    "timestart": "2021-01-23",
    "timefinish": null,
    "name": "ProjectDirt",
    "description": "buggggggggggggggggggggg",
    "user": [
      1
    ]
  }
},
{
  "model": "webapp.project",
  "pk": 10,
  "fields": {
    "timestart": "2021-03-27",
    "timefinish": null,
    "name": "NewProject",
    "description": "ghghgfhfhgfh",
    "user": [
      1
    ]
  }
},
{
  "model": "webapp.project",
  "pk": 11,
  "fields": {
    "timestart": "2021-03-27",
    "timefinish": null,
    "name": "Project and user",
    "description": "fgdgdfgdgd",
    "user": [
      1
    ]
  }
},
{
  "model": "webapp.project",
  "pk": 12,
  "fields": {
    "timestart": "2021-03-27",
    "timefinish": null,
    "name": "Project and user11111",
    "description": "fgdgdfgdgd",
    "user": [
      1
    ]
  }
},
{
  "model": "webapp.project",
  "pk": 13,
  "fields": {
    "timestart": "2021-03-27",
    "timefinish": null,
    "name": "Project and user11111222",
    "description": "fgdgdfgdgd",
    "user": [
      1
    ]
  }
},
{
  "model": "webapp.project",
  "pk": 14,
  "fields": {
    "timestart": "2021-03-27",
    "timefinish": null,
    "name": "Project and user11111222ddd",
    "description": "fgdgdfgdgddfd",
    "user": [
      1
    ]
  }
},
{
  "model": "webapp.project",
  "pk": 15,
  "fields": {
    "timestart": "2021-03-27",
    "timefinish": null,
    "name": "Project and user11111222ddtyyhffytd",
    "description": "fgdgdfgdgddfd",
    "user": [
      1
    ]
  }
},
{
  "model": "webapp.project",
  "pk": 16,
  "fields": {
    "timestart": "2021-03-27",
    "timefinish": null,
    "name": "Project and user11111222ddtyyhffytd",
    "description": "fgdgdfgdgddfd",
    "user": [
      1
    ]
  }
},
{
  "model": "webapp.project",
  "pk": 17,
  "fields": {
    "timestart": "2021-03-27",
    "timefinish": null,
    "name": "121212121212",
    "description": "12121212121212121",
    "user": [
      7
    ]
  }
},
{
  "model": "webapp.project",
  "pk": 18,
  "fields": {
    "timestart": "2021-03-29",
    "timefinish": null,
    "name": "FisrtUsersProject",
    "description": "12213213123132",
    "user": [
      6,
      7,
      8
    ]
  }
},
{
  "model": "webapp.project",
  "pk": 19,
  "fields": {
    "timestart": "2021-01-23",
    "timefinish": null,
    "name": "FisrtUsersProject2",
    "description": "1113fgdgdfgg",
    "user": [
      6,
      7,
      8
    ]
  }
}
]
